ticket_id,created_at,resolved_at,severity,status,agent_id,category_id,branch_id,sla_met
1,2026-02-15 12:17:46,2026-02-15 19:26:21,Medium,Resolved,2,3,2,True
2,2026-01-12 07:48:15,2026-01-12 11:31:49,Low,Closed,10,4,8,True
3,2025-10-23 12:38:44,2025-10-24 00:55:04,Medium,Resolved,3,2,2,True
4,2026-01-07 08:02:43,2026-01-08 04:26:15,High,Resolved,6,10,6,True
5,2026-01-30 14:00:30,,Critical,In Progress,8,5,8,True
6,2025-12-22 03:32:40,2025-12-22 13:34:01,Medium,Closed,4,10,3,False
7,2026-04-06 11:04:14,2026-04-06 22:24:49,Medium,Closed,4,4,1,True
8,2026-05-07 06:50:40,,Critical,In Progress,6,8,7,True
9,2025-10-16 09:32:05,2025-10-16 13:40:44,Low,Closed,10,10,7,True
10,2026-02-16 21:42:03,2026-02-16 22:12:03,Low,Closed,10,7,8,True
11,2025-07-29 18:56:13,2025-07-30 09:36:31,Medium,Resolved,4,5,7,True
12,2026-05-21 07:38:31,2026-05-21 11:02:47,Low,Closed,6,10,4,True
13,2025-06-30 23:20:52,,High,In Progress,8,4,1,True
14,2025-09-08 16:27:24,2025-09-11 11:50:45,Critical,Resolved,6,8,3,True
15,2025-07-14 08:21:27,2025-07-14 14:18:54,Medium,Closed,3,8,8,True
16,2026-05-15 12:04:34,2026-05-15 19:15:19,Medium,Closed,1,4,2,True
17,2025-08-10 17:27:56,,Medium,In Progress,2,8,7,True
18,2025-07-10 10:34:40,2025-07-11 13:39:08,High,Resolved,9,2,1,True
19,2025-06-17 15:53:02,2025-06-17 22:40:22,Low,Resolved,8,9,2,True
20,2025-05-29 13:05:22,2025-05-30 00:47:30,Medium,Resolved,4,3,7,True
21,2025-08-10 07:37:35,2025-08-10 18:50:42,Medium,Resolved,9,8,3,True
22,2026-04-24 16:04:15,,Medium,Open,1,9,2,True
23,2025-11-07 16:33:33,,Low,In Progress,1,10,2,True
24,2025-06-01 16:06:34,2025-06-02 01:24:22,Medium,Resolved,2,5,8,True
25,2025-07-28 15:45:25,,Low,Open,4,6,5,True
26,2026-05-25 09:16:44,,Critical,In Progress,9,9,5,True
27,2026-02-19 11:32:15,2026-02-19 18:44:32,Low,Closed,2,6,4,True
28,2026-03-12 18:27:22,2026-03-12 22:07:11,Medium,Resolved,2,5,3,True
29,2026-04-02 21:23:51,2026-04-03 20:06:49,Critical,Closed,4,6,3,True
30,2026-04-29 09:56:33,2026-04-29 22:39:39,Medium,Closed,6,3,4,True
31,2025-07-29 12:49:53,2025-07-30 17:49:09,High,Closed,6,4,5,True
32,2026-02-09 12:17:18,2026-02-09 18:54:07,High,Resolved,4,4,1,True
33,2026-05-28 11:11:28,2026-05-30 03:04:50,Critical,Resolved,8,9,6,True
34,2025-09-04 13:00:09,2025-09-04 16:56:41,Low,Closed,1,7,4,True
35,2025-12-11 13:20:27,,Medium,Open,4,6,7,True
36,2025-11-02 07:19:41,2025-11-02 08:56:42,Low,Resolved,9,3,5,True
37,2025-09-15 17:39:51,2025-09-16 03:54:38,Medium,Resolved,10,3,2,True
38,2025-06-25 17:36:29,2025-06-26 08:31:05,High,Closed,7,4,3,True
39,2025-08-05 00:22:57,2025-08-05 03:58:25,Medium,Resolved,4,7,4,True
40,2026-03-18 00:26:25,,Medium,Open,2,8,6,True
41,2025-09-13 09:43:44,,Medium,In Progress,2,8,8,True
42,2026-05-10 09:09:48,2026-05-10 12:04:59,Low,Resolved,3,6,6,True
43,2025-12-23 17:34:45,2025-12-23 19:42:03,Medium,Resolved,2,7,7,True
44,2026-02-12 13:46:14,2026-02-12 16:44:50,Low,Resolved,1,7,6,True
45,2025-07-20 09:48:39,2025-07-20 14:01:24,Low,Resolved,1,2,7,True
46,2025-09-03 16:20:27,2025-09-03 20:20:12,Low,Resolved,10,5,7,True
47,2025-08-14 03:10:34,2025-08-14 06:31:19,Low,Resolved,7,1,4,True
48,2025-08-01 18:45:29,2025-08-02 07:07:18,Medium,Resolved,8,5,6,True
49,2025-06-27 17:15:18,2025-06-27 17:45:18,Low,Resolved,5,7,4,True
50,2025-12-21 12:04:44,2025-12-21 21:38:01,High,Closed,6,1,6,True
51,2025-09-10 15:49:01,,Low,Open,5,3,7,True
52,2025-08-31 09:58:19,2025-09-01 00:30:47,Medium,Resolved,4,5,8,True
53,2026-04-03 11:56:11,2026-04-03 17:47:41,Low,Resolved,10,4,6,True
54,2025-11-18 18:17:22,2025-11-18 20:32:47,Low,Resolved,2,8,8,True
55,2025-11-09 22:58:58,2025-11-10 04:21:24,Medium,Resolved,10,9,6,True
56,2025-12-18 08:53:12,2025-12-18 14:39:04,Low,Closed,2,4,4,True
57,2025-12-29 09:40:45,2025-12-29 15:15:12,Low,Resolved,3,1,1,True
58,2026-04-28 08:25:24,2026-04-28 13:00:16,Medium,Resolved,2,1,5,True
59,2025-07-13 13:38:54,2025-07-13 16:33:35,Medium,Resolved,5,2,4,True
60,2026-01-20 11:10:18,2026-01-20 19:48:13,High,Resolved,8,5,1,True
61,2025-07-28 14:44:23,2025-07-28 19:58:50,Medium,Resolved,2,3,2,True
62,2025-11-09 10:41:56,2025-11-09 16:51:13,Medium,Closed,2,5,4,True
63,2025-11-15 18:19:24,2025-11-16 00:31:42,Low,Resolved,6,10,5,True
64,2026-02-13 19:07:06,2026-02-13 22:17:16,Low,Resolved,3,10,5,True
65,2025-11-27 12:20:51,2025-11-27 17:28:05,Low,Resolved,3,3,7,True
66,2025-05-29 15:29:43,,Low,Open,6,1,8,True
67,2026-02-28 15:00:19,2026-02-28 20:12:56,Medium,Closed,4,4,5,True
68,2026-05-25 21:57:23,,Critical,Open,4,3,8,True
69,2025-10-24 16:32:50,,Low,In Progress,7,8,3,True
70,2026-01-08 22:16:39,2026-01-09 03:45:26,Low,Closed,5,9,5,True
71,2026-01-05 13:02:25,2026-01-06 01:02:20,Medium,Resolved,3,4,4,True
72,2026-05-03 05:02:41,,Medium,Open,2,8,1,True
73,2026-03-28 05:20:37,2026-03-28 08:19:22,Low,Resolved,4,2,8,True
74,2025-08-25 01:19:32,,High,In Progress,5,8,1,True
75,2026-05-14 12:50:21,2026-05-14 14:07:39,Low,Closed,5,3,5,True
76,2025-06-28 13:39:18,2025-06-28 16:21:50,Medium,Resolved,2,3,3,True
77,2025-06-26 12:37:34,2025-06-26 20:42:13,Medium,Resolved,5,5,3,True
78,2025-08-28 12:36:02,2025-08-28 20:20:11,Medium,Resolved,10,8,2,True
79,2026-04-17 03:37:16,2026-04-17 10:49:15,Medium,Resolved,6,1,8,True
80,2026-01-27 17:41:48,2026-01-28 01:56:49,Medium,Resolved,6,5,3,True
81,2025-10-17 11:53:21,,Low,Open,10,3,4,True
82,2025-06-26 10:55:27,,Critical,Open,5,2,8,True
83,2025-09-08 14:23:57,,Medium,In Progress,1,7,1,True
84,2025-08-22 17:52:30,2025-08-23 00:51:48,Medium,Closed,5,2,4,True
85,2025-07-12 15:08:16,2025-07-12 16:24:14,Medium,Resolved,1,5,8,True
86,2026-01-22 11:02:40,2026-01-23 02:07:27,Medium,Closed,5,2,8,True
87,2026-04-13 17:13:03,2026-04-13 21:49:26,Medium,Resolved,3,9,6,True
88,2026-04-15 23:27:46,2026-04-16 09:04:39,High,Resolved,6,4,2,True
89,2026-04-27 01:55:29,2026-04-28 05:52:00,High,Resolved,6,1,5,True
90,2025-06-03 07:08:25,,Low,In Progress,3,4,6,True
91,2025-11-20 16:02:45,2025-11-20 23:39:19,Medium,Resolved,6,10,2,True
92,2026-04-22 17:06:41,2026-04-23 02:25:45,Medium,Resolved,4,1,8,True
93,2025-07-12 03:24:59,2025-07-12 10:34:35,Medium,Resolved,3,7,5,True
94,2026-04-15 13:46:22,2026-04-15 16:28:17,Medium,Resolved,2,7,6,True
95,2025-07-05 05:02:44,,Low,Open,1,2,7,True
96,2025-06-17 16:30:43,,Low,Open,1,7,6,True
97,2026-04-22 08:48:04,2026-04-22 19:25:42,Medium,Resolved,4,2,6,True
98,2026-01-03 08:09:42,2026-01-03 17:53:20,Medium,Closed,6,10,1,True
99,2026-05-06 09:48:45,2026-05-06 17:30:11,Medium,Resolved,3,6,2,True
100,2025-08-20 10:14:54,2025-08-20 12:46:18,Low,Closed,10,7,5,True
101,2025-05-31 10:49:55,2025-05-31 20:13:24,Medium,Closed,10,10,1,True
102,2025-12-21 13:01:38,2025-12-21 18:50:21,Low,Resolved,4,3,7,True
103,2026-01-06 17:26:20,2026-01-06 22:53:19,High,Resolved,1,6,7,True
104,2025-11-14 07:26:55,2025-11-15 04:58:54,Critical,Resolved,8,6,2,True
105,2025-12-20 12:22:43,2025-12-20 15:05:15,Low,Resolved,2,2,2,True
106,2026-03-19 22:43:12,2026-03-21 03:26:49,High,Resolved,4,3,3,True
107,2026-04-29 08:21:52,2026-04-29 14:40:11,Medium,Closed,6,10,6,True
108,2025-12-11 14:28:21,2025-12-11 20:14:20,Medium,Closed,6,1,6,True
109,2025-11-19 08:49:18,2025-11-21 05:16:46,Critical,Resolved,8,8,1,True
110,2026-03-02 17:11:12,2026-03-03 07:16:15,Medium,Resolved,8,2,6,False
111,2026-02-04 12:06:23,2026-02-04 21:38:01,Medium,Closed,3,7,7,True
112,2025-06-29 09:58:12,,Low,In Progress,9,3,6,False
113,2026-02-02 14:47:30,2026-02-03 01:05:42,Medium,Resolved,1,5,7,True
114,2025-06-04 09:13:15,2025-06-04 11:43:36,Medium,Closed,10,9,6,True
115,2026-02-09 16:08:39,,Low,Escalated,3,2,1,True
116,2025-06-14 17:46:34,2025-06-14 20:14:16,Low,Resolved,6,3,8,True
117,2026-02-16 03:16:40,2026-02-16 12:24:10,Medium,Resolved,10,4,6,False
118,2026-04-04 11:03:38,2026-04-04 22:38:15,Medium,Resolved,10,3,4,True
119,2026-05-25 07:25:37,,High,In Progress,4,5,8,True
120,2026-04-19 14:41:23,,Low,Escalated,1,6,2,True
121,2026-01-22 08:01:41,,Low,Open,2,8,8,True
122,2025-09-22 10:26:57,2025-09-22 14:49:56,Medium,Closed,1,5,4,True
123,2026-01-29 10:45:49,2026-01-29 13:46:31,Medium,Resolved,5,10,1,True
124,2025-10-27 08:17:33,2025-10-27 18:40:08,Medium,Closed,3,2,1,True
125,2025-08-30 08:27:23,2025-08-30 17:20:04,Medium,Resolved,5,2,6,True
126,2026-01-29 09:04:17,2026-01-29 09:50:26,Low,Resolved,4,8,8,True
127,2025-12-14 15:30:23,2025-12-14 19:31:59,Low,Resolved,4,6,5,True
128,2025-10-07 09:03:01,,High,In Progress,4,6,7,True
129,2025-11-11 09:34:58,2025-11-11 22:22:25,High,Resolved,9,7,2,True
130,2026-01-22 11:49:52,2026-01-22 20:39:16,Low,Resolved,10,3,8,True
131,2025-07-23 03:48:03,2025-07-23 10:35:01,Medium,Resolved,6,3,1,True
132,2026-01-18 14:23:33,2026-01-18 18:36:25,Low,Resolved,5,7,1,True
133,2025-12-08 15:07:36,2025-12-08 17:55:09,Medium,Closed,1,1,3,True
134,2025-07-15 08:28:49,2025-07-15 10:54:46,Low,Resolved,8,8,4,True
135,2026-05-09 09:45:48,,Critical,Escalated,9,2,5,True
136,2026-03-31 12:35:39,2026-03-31 13:05:39,Low,Resolved,2,3,4,True
137,2026-03-03 03:18:19,2026-03-04 18:26:11,Critical,Resolved,7,5,7,True
138,2026-02-01 09:27:41,2026-02-01 19:34:55,Critical,Closed,6,9,6,True
139,2025-10-10 02:10:07,2025-10-10 19:28:48,High,Resolved,4,6,4,True
140,2025-12-09 16:37:16,2025-12-11 10:09:58,Critical,Resolved,9,9,2,True
141,2025-06-29 17:49:06,2025-06-29 21:50:41,Medium,Closed,6,1,1,True
142,2025-08-31 19:25:39,2025-08-31 21:52:33,Medium,Resolved,5,5,8,True
143,2025-10-07 12:55:28,2025-10-07 16:31:50,Low,Resolved,10,8,4,False
144,2025-07-15 10:09:13,2025-07-15 10:39:13,Low,Resolved,3,4,8,True
145,2025-08-10 10:22:55,2025-08-10 13:42:03,Medium,Closed,2,6,6,True
146,2025-06-16 14:38:36,,Low,Open,2,4,6,True
147,2026-05-06 12:48:00,2026-05-06 20:21:56,Medium,Resolved,1,7,3,True
148,2026-03-17 16:32:07,2026-03-17 21:04:51,Low,Closed,3,2,7,True
149,2026-05-25 09:25:08,2026-05-26 03:58:58,High,Resolved,6,3,6,False
150,2025-11-29 03:19:11,2025-11-29 06:10:08,Medium,Resolved,10,10,5,True
151,2025-09-08 19:55:22,2025-09-08 20:25:22,High,Closed,7,10,8,True
152,2025-07-25 02:22:09,2025-07-25 09:12:55,High,Closed,9,8,3,True
153,2026-05-02 16:15:02,2026-05-02 21:30:55,Medium,Resolved,2,7,8,True
154,2025-09-27 13:23:10,2025-09-27 16:27:57,Medium,Closed,8,9,7,True
155,2025-08-11 09:01:54,2025-08-12 00:57:12,High,Closed,8,10,8,True
156,2026-03-04 08:36:58,,Low,Open,8,4,8,True
157,2025-09-17 09:54:32,,Critical,In Progress,7,5,1,True
158,2025-07-21 18:37:36,2025-07-22 02:42:48,Medium,Closed,3,9,5,True
159,2026-02-17 06:10:10,2026-02-17 10:48:48,Low,Resolved,3,8,2,True
160,2026-03-18 06:36:06,2026-03-18 13:58:12,High,Resolved,8,8,4,True
161,2025-06-11 19:42:42,2025-06-11 20:46:41,Medium,Resolved,4,3,7,True
162,2026-01-04 12:18:17,,Critical,Open,7,1,5,True
163,2026-04-07 09:46:30,,Medium,In Progress,10,5,4,True
164,2026-04-14 12:05:13,2026-04-14 20:45:28,Low,Closed,6,4,3,True
165,2025-09-22 16:00:21,2025-09-25 02:20:33,Critical,Resolved,5,5,6,True
166,2025-11-02 18:49:24,2025-11-03 09:24:48,Medium,Resolved,5,5,3,True
167,2026-03-18 17:52:06,2026-03-19 07:51:30,Medium,Resolved,2,8,6,True
168,2025-06-28 00:58:12,,High,In Progress,10,9,6,True
169,2025-07-12 18:37:07,2025-07-13 19:36:40,High,Resolved,7,6,8,True
170,2025-10-29 07:47:34,2025-10-29 10:30:14,Low,Resolved,10,5,1,True
171,2025-06-10 09:49:25,2025-06-10 13:44:58,Medium,Closed,1,2,8,True
172,2025-07-19 12:07:17,,Medium,In Progress,10,7,2,True
173,2025-11-24 15:27:32,2025-11-24 18:26:13,Medium,Closed,1,1,5,True
174,2025-06-10 05:17:13,2025-06-11 00:57:29,High,Resolved,5,4,2,True
175,2026-03-26 15:18:14,2026-03-26 15:48:14,Low,Resolved,1,4,1,True
176,2026-05-04 17:33:10,2026-05-05 02:09:52,Medium,Closed,5,4,5,True
177,2026-02-13 15:20:57,,Critical,In Progress,9,7,8,True
178,2026-05-18 13:26:20,2026-05-18 19:06:06,Low,Resolved,2,4,5,True
179,2025-07-03 10:03:36,2025-07-03 12:48:20,Low,Resolved,1,8,6,True
180,2025-08-17 19:59:14,2025-08-17 21:34:32,Low,Closed,6,4,8,True
181,2025-12-29 11:24:07,,Low,Open,7,8,4,True
182,2026-04-05 11:47:35,2026-04-06 00:31:54,Medium,Resolved,10,8,2,True
183,2025-12-29 14:14:15,2025-12-29 14:44:32,Medium,Closed,2,1,5,True
184,2025-12-08 17:21:37,2025-12-09 01:01:06,Medium,Resolved,10,10,4,False
185,2026-02-01 23:05:51,2026-02-02 14:30:59,Medium,Resolved,3,3,3,True
186,2026-04-20 08:45:09,,Low,In Progress,1,7,3,True
187,2025-05-31 13:00:53,2025-05-31 16:35:02,Low,Resolved,10,8,1,True
188,2025-12-18 10:39:34,2025-12-18 13:46:46,Medium,Closed,2,2,2,True
189,2026-02-23 17:52:48,2026-02-23 23:33:37,Low,Resolved,10,8,4,True
190,2026-01-30 09:05:20,2026-01-30 17:34:18,High,Resolved,6,8,1,True
191,2025-08-25 18:56:44,2025-08-26 07:08:07,High,Closed,7,9,1,True
192,2025-06-03 18:56:38,2025-06-04 01:38:52,Medium,Resolved,1,3,6,True
193,2026-01-03 18:59:19,2026-01-04 05:50:50,Medium,Resolved,2,10,4,True
194,2025-07-05 08:21:51,,Low,Escalated,6,6,1,True
195,2025-08-25 13:27:14,,Medium,Open,3,8,8,True
196,2025-07-27 14:57:53,2025-07-27 20:47:27,Medium,Resolved,5,4,2,True
197,2025-07-01 14:35:09,2025-07-01 18:11:57,Low,Resolved,3,2,3,True
198,2026-05-15 06:08:45,2026-05-15 10:23:52,Low,Closed,10,1,5,True
199,2025-06-22 11:26:33,2025-06-22 20:12:51,Medium,Resolved,3,8,3,True
200,2025-10-23 05:49:51,2025-10-23 10:07:25,Medium,Resolved,5,2,3,True
201,2026-01-17 23:20:11,,High,In Progress,7,5,6,True
202,2025-10-02 13:23:47,,Critical,Open,6,8,4,True
203,2026-02-27 11:53:34,2026-02-27 22:53:09,Medium,Resolved,6,1,8,True
204,2025-06-26 16:30:18,2025-06-26 18:02:07,Medium,Closed,2,7,7,True
205,2025-07-10 04:23:48,,High,In Progress,4,6,2,True
206,2026-04-02 07:06:41,2026-04-02 10:17:03,Medium,Resolved,9,7,6,True
207,2025-07-12 18:50:40,2025-07-13 02:31:12,Medium,Resolved,2,6,1,True
208,2025-11-14 21:00:09,2025-11-15 01:33:14,Low,Closed,3,8,2,True
209,2025-12-29 15:27:36,2025-12-29 19:42:27,Low,Resolved,2,4,3,True
210,2026-03-11 10:28:27,2026-03-11 12:04:54,Low,Resolved,10,7,1,True
211,2025-10-17 14:07:17,,High,In Progress,1,9,3,True
212,2025-10-10 14:39:33,2025-10-11 02:40:36,Medium,Closed,10,10,2,True
213,2025-07-13 08:11:00,,High,Open,9,3,6,True
214,2025-12-30 11:08:36,2025-12-30 22:10:50,Medium,Closed,10,3,8,True
215,2025-11-03 13:45:30,2025-11-04 09:27:33,Critical,Resolved,5,9,8,True
216,2025-12-28 16:07:09,2025-12-28 16:37:09,Medium,Resolved,2,5,1,True
217,2025-09-21 07:50:54,2025-09-21 19:17:13,High,Closed,4,7,2,True
218,2026-04-08 13:17:49,2026-04-09 14:21:10,High,Resolved,7,4,4,True
219,2025-12-21 15:10:59,2025-12-21 18:58:30,Medium,Closed,4,10,6,True
220,2026-03-16 00:23:02,2026-03-16 09:50:30,Low,Resolved,6,2,3,True
221,2025-12-04 17:17:09,,Low,In Progress,3,4,7,True
222,2026-02-22 12:06:25,2026-02-22 13:03:04,Low,Closed,5,9,5,True
223,2026-01-30 12:54:33,2026-01-30 15:32:23,Low,Resolved,6,2,8,True
224,2026-05-10 07:02:31,2026-05-10 10:44:27,Low,Resolved,5,9,3,True
225,2025-11-10 18:58:42,2025-11-11 06:53:41,Medium,Resolved,5,8,1,True
226,2026-02-10 18:40:15,2026-02-12 21:37:28,Critical,Resolved,8,2,6,True
227,2025-08-19 09:37:46,2025-08-19 13:30:47,Low,Closed,1,2,1,True
228,2025-08-25 18:51:22,,High,Escalated,4,8,2,True
229,2025-12-20 16:41:43,,Low,In Progress,2,3,2,True
230,2025-07-01 08:59:27,2025-07-01 12:44:37,Low,Closed,9,8,4,True
231,2026-02-03 15:38:57,2026-02-03 18:13:39,Medium,Resolved,2,4,5,True
232,2026-04-01 23:32:50,2026-04-02 08:50:59,High,Closed,6,10,4,True
233,2025-07-18 16:26:10,2025-07-18 21:39:40,Medium,Closed,1,6,6,True
234,2026-05-22 13:32:44,2026-05-22 19:09:45,High,Resolved,3,4,1,True
235,2026-04-07 12:25:57,2026-04-08 07:23:39,High,Resolved,6,9,3,True
236,2025-07-01 04:33:41,2025-07-01 05:40:26,Low,Resolved,7,1,4,True
237,2026-02-27 07:10:42,2026-02-27 09:48:01,Low,Closed,4,2,1,True
238,2025-10-05 19:31:44,2025-10-06 01:30:37,Low,Resolved,5,2,1,True
239,2025-06-19 16:10:47,2025-06-20 00:07:11,Medium,Closed,10,9,6,True
240,2025-06-15 13:58:44,2025-06-15 23:50:31,Medium,Resolved,1,1,4,True
241,2025-09-30 18:20:43,2025-10-01 19:09:56,High,Closed,9,7,4,True
242,2026-05-04 11:49:02,2026-05-05 09:26:58,High,Resolved,7,7,2,True
243,2026-03-11 14:23:52,2026-03-11 14:57:30,Low,Closed,2,5,5,True
244,2025-08-27 17:53:46,2025-08-28 12:28:13,High,Closed,4,7,1,True
245,2025-12-20 11:13:44,2025-12-20 20:26:00,Low,Closed,3,2,4,True
246,2026-03-15 08:32:39,2026-03-15 11:14:56,Low,Resolved,10,6,8,True
247,2025-10-28 07:35:03,2025-10-28 10:55:24,Low,Closed,2,4,5,True
248,2025-11-19 13:07:56,2025-11-19 18:34:55,Low,Closed,2,2,3,True
249,2026-04-07 18:44:55,2026-04-07 23:36:28,Low,Resolved,1,2,3,True
250,2026-04-12 04:47:21,,Medium,Open,1,5,5,True
251,2025-07-14 10:08:35,2025-07-15 01:50:11,Medium,Closed,10,2,3,True
252,2026-05-20 00:03:14,2026-05-20 15:59:10,Medium,Closed,7,10,5,True
253,2025-10-29 13:43:16,,Low,Open,5,2,1,True
254,2026-02-04 13:56:19,2026-02-05 14:44:29,High,Resolved,4,1,4,True
255,2025-10-24 06:08:25,2025-10-24 07:55:36,Low,Resolved,2,9,1,True
256,2025-06-09 02:07:40,2025-06-09 08:51:22,Medium,Resolved,3,10,4,True
257,2025-09-01 11:34:42,,Low,Escalated,2,3,2,True
258,2025-10-13 12:01:07,2025-10-14 10:57:13,High,Resolved,7,10,7,True
259,2026-04-08 10:29:10,2026-04-08 14:25:13,Low,Closed,1,6,3,True
260,2026-04-21 14:17:52,2026-04-22 02:02:32,Medium,Resolved,2,1,8,True
261,2026-01-11 11:20:16,2026-01-11 17:50:17,Low,Resolved,1,6,7,True
262,2026-02-27 08:25:21,2026-03-01 18:37:25,Critical,Closed,9,6,3,True
263,2026-03-07 18:36:48,2026-03-07 23:34:19,Medium,Resolved,3,3,3,False
264,2026-05-27 12:47:46,2026-05-28 17:46:34,Critical,Resolved,9,4,2,True
265,2025-06-02 10:44:53,,Critical,In Progress,9,6,8,True
266,2025-08-01 07:23:11,2025-08-01 12:49:35,Low,Resolved,10,8,7,True
267,2025-06-26 08:01:16,2025-06-26 19:06:29,Medium,Resolved,2,3,8,True
268,2025-10-06 16:57:39,,Low,In Progress,1,9,2,True
269,2025-07-07 10:26:28,,Low,Open,10,3,1,True
270,2025-07-27 07:27:43,2025-07-27 15:51:12,Medium,Closed,3,5,4,True
271,2025-11-27 17:16:13,2025-11-27 22:48:37,Medium,Resolved,2,3,5,True
272,2025-11-05 11:38:06,2025-11-05 18:56:05,Medium,Resolved,10,5,4,True
273,2025-06-11 15:51:34,,High,In Progress,6,8,4,False
274,2025-07-16 08:43:19,,Low,Open,2,4,4,False
275,2025-12-30 12:54:24,,Medium,In Progress,1,2,7,True
276,2025-11-05 16:37:59,2025-11-06 14:13:11,High,Closed,9,7,2,True
277,2025-10-24 16:38:26,2025-10-25 09:50:05,High,Closed,8,7,5,True
278,2026-05-09 04:25:57,2026-05-09 16:45:31,Medium,Closed,5,1,7,True
279,2026-04-27 08:55:40,2026-04-27 18:18:43,Medium,Resolved,5,5,8,True
280,2026-01-18 10:28:51,2026-01-18 15:57:15,Low,Closed,5,5,7,True
281,2025-08-14 15:54:32,,High,In Progress,7,2,5,True
282,2026-01-30 11:26:55,2026-01-30 17:41:40,High,Closed,5,9,7,True
283,2025-07-02 13:03:49,2025-07-02 13:33:49,Medium,Resolved,8,10,6,True
284,2025-06-01 09:41:06,2025-06-01 13:08:38,Medium,Closed,10,9,1,True
285,2026-05-11 12:29:22,2026-05-11 16:27:40,Low,Closed,9,5,7,True
286,2025-09-21 14:04:50,2025-09-22 17:03:01,High,Resolved,6,6,5,True
287,2025-07-25 10:57:32,2025-07-25 17:14:04,Low,Resolved,6,5,4,True
288,2026-05-15 13:47:42,2026-05-15 14:56:51,Low,Resolved,10,5,5,True
289,2026-05-15 18:26:21,2026-05-16 01:40:54,Medium,Resolved,4,9,8,True
290,2026-02-16 16:22:42,2026-02-17 02:41:58,Medium,Resolved,3,9,3,True
291,2025-09-06 14:54:17,2025-09-06 21:34:55,Low,Resolved,5,6,6,True
292,2025-12-04 09:20:58,2025-12-04 19:13:37,Medium,Resolved,1,7,5,True
293,2025-07-17 17:27:03,2025-07-17 23:22:15,Low,Closed,2,8,2,True
294,2025-06-04 17:46:25,2025-06-04 21:20:54,Low,Resolved,3,9,4,True
295,2026-04-13 11:29:51,2026-04-13 15:07:24,Low,Resolved,3,3,2,True
296,2025-08-18 17:26:08,,High,Escalated,5,6,4,True
297,2026-02-09 07:03:24,2026-02-09 08:23:19,Low,Resolved,4,7,5,True
298,2026-02-22 07:19:33,2026-02-22 19:13:50,Medium,Resolved,10,3,4,True
299,2025-09-15 08:31:05,2025-09-15 19:23:31,Medium,Resolved,6,10,2,True
300,2026-02-19 23:31:31,2026-02-20 06:30:34,Low,Resolved,2,6,7,True
301,2026-02-02 11:16:15,2026-02-03 05:28:34,High,Closed,4,9,2,True
302,2025-11-10 03:33:47,2025-11-10 10:21:01,Low,Resolved,3,6,6,True
303,2026-05-04 20:59:07,2026-05-05 22:33:43,High,Closed,5,8,5,True
304,2026-02-04 16:41:15,2026-02-04 22:51:16,Low,Resolved,10,5,7,False
305,2025-08-07 12:39:15,2025-08-08 16:10:53,High,Resolved,8,10,8,True
306,2025-11-15 11:41:31,,High,Escalated,5,2,7,True
307,2025-11-12 10:30:05,2025-11-12 16:44:23,Medium,Closed,2,6,2,True
308,2025-09-30 11:03:25,,Medium,Escalated,2,9,8,True
309,2025-07-01 21:24:16,,Medium,In Progress,10,10,8,True
310,2026-04-14 16:39:39,2026-04-14 21:07:58,Medium,Closed,10,1,1,True
311,2026-04-10 14:21:29,2026-04-10 19:03:08,Medium,Closed,3,6,1,True
312,2025-10-13 15:08:06,2025-10-13 20:02:24,Medium,Resolved,4,1,6,True
313,2025-07-22 06:04:52,2025-07-22 08:47:29,Low,Resolved,4,3,8,True
314,2026-03-18 17:53:36,,Low,In Progress,2,6,2,True
315,2025-07-07 16:38:34,2025-07-08 13:57:07,High,Resolved,9,3,8,True
316,2025-11-20 13:49:40,2025-11-20 15:09:23,Medium,Resolved,9,4,5,True
317,2025-08-14 18:18:19,2025-08-15 02:17:02,High,Resolved,6,9,4,True
318,2026-02-28 12:35:02,2026-02-28 13:54:16,Low,Closed,7,9,6,True
319,2025-06-07 07:42:12,,Medium,In Progress,10,1,2,True
320,2025-08-15 22:25:34,,High,Escalated,7,1,5,True
321,2025-08-28 18:18:01,,Low,In Progress,4,9,7,True
322,2025-06-02 17:50:41,2025-06-02 23:17:49,Medium,Resolved,6,6,1,True
323,2026-03-26 03:12:43,,High,In Progress,4,6,4,True
324,2025-10-22 11:35:32,2025-10-24 13:58:09,Critical,Resolved,9,9,2,True
325,2026-03-25 04:02:33,,Medium,Open,3,10,1,True
326,2025-08-08 15:10:03,2025-08-09 05:43:28,Medium,Closed,3,9,4,True
327,2025-09-19 16:33:40,2025-09-19 17:27:56,Low,Resolved,3,6,6,True
328,2025-10-25 18:18:27,2025-10-25 21:03:06,Low,Resolved,2,1,6,True
329,2026-05-12 12:32:29,2026-05-14 00:07:48,High,Resolved,8,1,5,True
330,2026-03-25 08:47:01,2026-03-25 22:50:16,Medium,Closed,2,7,2,True
331,2025-11-03 17:25:46,2025-11-04 00:45:19,Medium,Resolved,2,5,2,True
332,2026-02-24 21:41:38,2026-02-25 05:59:43,Medium,Closed,6,10,1,True
333,2025-10-29 03:43:20,2025-10-29 08:30:16,Low,Closed,5,8,7,True
334,2026-04-30 11:19:15,,High,In Progress,6,3,5,True
335,2025-12-23 08:19:11,2025-12-23 18:39:50,Medium,Closed,1,10,7,True
336,2025-08-08 11:12:11,2025-08-08 16:44:12,Medium,Resolved,9,3,3,True
337,2025-09-18 11:06:45,,High,Escalated,9,9,2,True
338,2026-01-24 10:20:20,2026-01-25 06:24:21,Critical,Resolved,7,2,5,True
339,2025-08-02 10:50:03,2025-08-02 18:33:37,Medium,Closed,3,6,7,True
340,2026-03-25 15:06:05,2026-03-25 16:57:53,Low,Closed,5,8,6,True
341,2026-03-09 14:07:52,,High,In Progress,6,4,5,True
342,2026-03-23 07:35:57,2026-03-23 11:19:00,Low,Resolved,1,10,7,True
343,2025-12-09 13:23:23,2025-12-10 05:50:42,Medium,Resolved,3,3,8,True
344,2025-11-18 16:36:33,,High,In Progress,7,9,3,False
345,2025-06-22 10:02:30,2025-06-22 11:00:13,Medium,Resolved,2,8,4,True
346,2026-04-17 22:34:24,,High,In Progress,3,2,5,True
347,2025-10-21 20:38:18,2025-10-22 03:50:38,Medium,Resolved,1,9,5,True
348,2025-11-15 08:32:11,2025-11-16 03:46:07,High,Resolved,9,1,3,True
349,2026-02-14 10:37:39,2026-02-14 21:07:32,Medium,Resolved,3,2,8,True
350,2026-05-09 07:10:09,2026-05-09 13:18:51,Low,Resolved,2,3,1,True
351,2025-08-20 14:55:49,2025-08-21 08:03:09,Medium,Resolved,6,5,2,True
352,2025-08-01 20:16:46,2025-08-01 23:09:37,Medium,Resolved,2,10,5,True
353,2025-08-05 16:38:40,2025-08-06 02:11:06,Medium,Resolved,10,3,2,True
354,2026-05-12 01:21:23,2026-05-12 05:33:28,Medium,Resolved,2,10,1,True
355,2026-01-12 11:19:33,2026-01-12 21:04:11,Medium,Resolved,8,7,6,True
356,2026-05-17 03:36:37,2026-05-18 03:28:21,High,Closed,5,8,4,True
357,2025-10-21 18:51:54,2025-10-21 23:59:53,Medium,Closed,1,9,1,True
358,2025-11-05 15:30:56,2025-11-05 17:22:20,Low,Closed,10,10,6,False
359,2025-07-06 13:50:52,2025-07-06 20:10:43,Medium,Closed,2,2,4,True
360,2025-11-27 21:16:13,2025-11-28 07:52:34,Medium,Closed,1,2,3,True
361,2026-03-01 01:38:49,2026-03-01 06:12:06,Low,Resolved,9,9,5,True
362,2026-03-29 15:44:53,2026-03-29 20:00:38,Low,Resolved,3,4,1,True
363,2025-11-02 15:00:36,2025-11-02 19:29:02,Low,Resolved,8,6,7,True
364,2026-04-10 16:12:58,2026-04-10 20:03:25,Low,Resolved,6,6,6,True
365,2026-05-03 16:16:55,2026-05-04 00:30:04,Medium,Closed,3,2,5,False
366,2025-12-01 08:24:15,2025-12-01 08:54:15,Medium,Closed,5,8,1,True
367,2026-02-24 21:06:08,2026-02-24 21:36:08,Low,Resolved,9,9,1,True
368,2025-10-13 16:17:44,,Medium,In Progress,2,8,6,True
369,2026-04-18 09:49:16,,Medium,Open,2,4,4,True
370,2026-05-12 11:31:37,2026-05-12 19:57:18,Medium,Closed,6,1,8,True
371,2025-12-09 17:49:30,2025-12-10 02:17:32,High,Resolved,8,8,1,False
372,2025-08-09 10:17:13,2025-08-09 15:23:33,Medium,Resolved,4,4,7,True
373,2025-08-06 16:43:20,2025-08-06 19:28:37,Low,Closed,10,5,8,True
374,2026-04-04 09:53:22,2026-04-04 14:19:00,Low,Resolved,10,4,3,True
375,2025-09-22 16:03:16,,Critical,In Progress,9,6,8,True
376,2026-03-13 12:23:42,2026-03-13 18:03:08,Medium,Resolved,5,2,8,True
377,2026-03-27 12:43:28,2026-03-27 17:03:41,Low,Resolved,2,10,3,True
378,2025-06-28 10:20:35,2025-06-28 14:02:31,Medium,Resolved,7,6,7,True
379,2025-11-05 07:08:27,2025-11-05 08:38:47,Low,Closed,10,6,8,True
380,2025-06-07 22:44:19,2025-06-07 23:14:19,Low,Resolved,1,8,1,False
381,2025-09-01 18:54:09,2025-09-01 21:55:41,Low,Closed,10,5,4,True
382,2026-05-01 11:35:36,2026-05-01 15:57:24,Low,Resolved,3,8,8,False
383,2025-11-16 13:16:11,2025-11-17 02:07:41,Medium,Resolved,10,9,5,True
384,2026-01-15 07:35:41,2026-01-15 11:45:21,Low,Resolved,10,8,5,True
385,2025-09-07 17:15:13,2025-09-08 02:57:21,Medium,Resolved,10,7,4,True
386,2026-04-25 09:18:44,2026-04-25 10:41:24,Low,Closed,3,7,4,True
387,2025-06-16 23:36:15,2025-06-17 18:12:54,Medium,Closed,3,1,3,True
388,2025-12-08 06:23:06,2025-12-08 11:07:39,Low,Resolved,1,3,1,True
389,2026-03-25 15:30:32,2026-03-26 14:19:15,High,Resolved,7,1,5,True
390,2026-03-11 04:06:26,,Low,Escalated,5,8,4,True
391,2025-12-17 14:40:04,2025-12-17 17:44:35,Low,Closed,10,5,6,True
392,2025-06-03 11:37:28,2025-06-03 15:41:22,Low,Closed,7,7,6,True
393,2025-07-28 17:39:22,2025-07-29 10:37:00,High,Resolved,8,2,4,True
394,2026-03-18 14:46:55,2026-03-19 21:52:14,Critical,Closed,3,3,2,True
395,2025-08-10 15:22:20,2025-08-11 02:22:50,High,Resolved,5,9,8,True
396,2025-11-19 11:34:51,2025-11-20 16:59:08,High,Closed,7,2,3,True
397,2026-03-04 15:52:25,2026-03-04 19:53:11,Low,Resolved,6,4,6,True
398,2025-07-10 17:04:01,2025-07-11 03:23:13,Medium,Closed,5,7,6,True
399,2025-06-16 16:45:40,2025-06-16 20:16:59,Low,Resolved,10,8,5,True
400,2025-10-15 13:52:28,2025-10-16 19:08:24,Critical,Resolved,4,8,1,True
401,2025-07-07 00:29:11,2025-07-07 00:59:11,Low,Resolved,2,9,2,True
402,2026-03-14 17:36:02,2026-03-14 18:44:26,Low,Resolved,2,9,7,True
403,2025-10-01 18:59:44,2025-10-01 23:45:15,Low,Resolved,3,3,8,True
404,2026-03-22 18:16:04,2026-03-22 18:46:04,High,Resolved,6,4,7,True
405,2025-09-22 08:18:55,2025-09-22 13:48:33,Low,Resolved,2,5,1,True
406,2025-07-04 12:09:11,2025-07-04 14:22:47,Low,Closed,8,9,3,True
407,2026-02-25 08:38:01,2026-02-26 10:28:09,High,Resolved,4,2,6,True
408,2025-11-06 11:15:49,2025-11-07 06:57:35,High,Resolved,8,6,7,True
409,2025-09-29 09:20:45,2025-09-29 14:10:41,High,Closed,7,5,1,True
410,2025-08-22 13:09:17,2025-08-22 19:24:57,Low,Resolved,5,8,2,True
411,2025-12-31 13:41:05,2026-01-01 00:15:57,Medium,Resolved,2,3,8,True
412,2026-02-18 15:13:13,2026-02-19 20:16:58,Critical,Resolved,5,7,6,True
413,2025-08-14 09:48:03,2025-08-14 11:57:00,Low,Closed,3,3,6,True
414,2025-10-09 08:19:15,2025-10-09 19:01:55,Medium,Resolved,4,5,1,True
415,2026-02-22 07:24:57,2026-02-22 11:36:39,Low,Resolved,10,10,3,True
416,2026-02-06 23:47:08,2026-02-07 02:12:39,Low,Resolved,3,1,8,True
417,2025-12-12 04:56:21,2025-12-12 07:57:02,Medium,Resolved,10,4,7,True
418,2025-06-13 15:19:09,2025-06-14 05:39:13,High,Resolved,6,8,1,True
419,2026-05-04 07:35:56,2026-05-04 17:03:00,Medium,Closed,3,1,5,True
420,2025-12-16 22:26:31,2025-12-17 01:25:45,Low,Resolved,2,2,7,True
421,2025-08-17 16:34:02,,Low,Escalated,8,8,3,True
422,2025-09-29 15:46:45,2025-09-29 18:45:35,Low,Closed,4,7,3,True
423,2025-09-23 17:59:33,,Low,In Progress,5,7,7,True
424,2026-01-15 17:01:04,2026-01-15 20:09:19,Low,Resolved,3,10,4,True
425,2025-07-21 10:02:41,2025-07-21 13:49:57,Medium,Closed,10,8,8,True
426,2025-06-23 14:55:06,,Critical,Open,7,4,4,True
427,2026-01-19 19:19:04,,Medium,In Progress,5,7,1,True
428,2026-05-04 14:30:07,2026-05-04 16:30:31,Low,Closed,6,9,1,True
429,2025-11-20 15:07:52,2025-11-20 22:39:37,Medium,Resolved,4,4,5,True
430,2025-08-06 18:57:09,2025-08-07 07:07:38,High,Resolved,5,8,1,True
431,2026-02-26 12:05:36,2026-02-27 07:47:53,High,Closed,7,2,2,True
432,2025-07-30 16:06:21,2025-07-31 08:08:05,High,Resolved,8,9,7,True
433,2025-05-30 11:00:44,2025-05-30 20:54:13,High,Resolved,7,3,4,True
434,2025-11-20 08:38:57,2025-11-20 16:48:59,Medium,Resolved,4,4,8,True
435,2025-06-11 07:42:54,,Medium,In Progress,2,1,6,True
436,2026-01-21 18:38:09,2026-01-22 01:09:09,Low,Resolved,2,3,5,True
437,2025-10-01 13:52:03,2025-10-02 09:58:39,Critical,Closed,4,2,5,True
438,2026-02-22 07:06:03,2026-02-22 12:12:57,Low,Closed,10,9,4,False
439,2026-01-20 03:50:34,2026-01-20 06:51:54,Medium,Resolved,6,5,7,True
440,2025-11-05 12:22:04,2025-11-05 17:49:33,Medium,Resolved,5,8,3,True
441,2025-12-11 07:07:22,2025-12-11 09:22:44,Low,Resolved,1,5,5,True
442,2026-04-03 09:30:58,2026-04-03 16:12:44,Low,Resolved,3,8,8,True
443,2026-01-03 02:38:49,,High,In Progress,5,1,5,True
444,2025-09-14 15:04:36,2025-09-14 17:19:32,Low,Closed,5,2,3,True
445,2025-09-11 14:56:21,2025-09-12 02:25:49,Medium,Resolved,3,6,1,True
446,2026-03-26 08:28:54,2026-03-28 05:41:25,Critical,Resolved,4,6,1,True
447,2026-03-23 13:05:11,2026-03-23 13:35:11,Low,Resolved,5,6,3,True
448,2025-10-26 05:35:02,2025-10-29 02:03:54,Critical,Closed,6,1,8,True
449,2025-09-30 11:17:18,2025-09-30 19:31:40,Medium,Resolved,1,2,5,True
450,2025-08-16 15:20:26,2025-08-17 06:06:29,Medium,Resolved,1,1,2,True
451,2025-07-18 17:03:39,2025-07-18 19:48:03,Low,Resolved,6,8,1,True
452,2026-04-08 14:36:15,2026-04-09 02:03:36,Medium,Resolved,10,10,6,True
453,2025-10-27 17:21:18,2025-10-27 17:51:18,Medium,Closed,5,8,4,True
454,2026-01-18 15:06:28,2026-01-19 08:15:38,High,Resolved,10,2,6,True
455,2025-12-27 14:24:18,2025-12-27 17:28:38,Low,Resolved,10,4,4,True
456,2026-01-06 16:49:21,2026-01-06 21:54:02,Medium,Resolved,9,6,4,True
457,2025-10-02 17:03:57,2025-10-02 23:03:04,Medium,Resolved,1,10,7,True
458,2025-11-20 13:39:39,,High,Open,7,3,3,True
459,2025-07-02 16:32:08,2025-07-03 02:51:30,Medium,Resolved,3,7,6,True
460,2026-04-29 13:44:08,2026-04-30 00:08:03,Medium,Resolved,5,2,5,True
461,2025-07-21 13:53:56,2025-07-22 04:42:37,Medium,Resolved,2,3,8,True
462,2026-03-04 20:22:08,2026-03-05 20:07:26,Critical,Closed,4,1,3,False
463,2026-01-25 15:27:48,2026-01-25 17:40:51,Low,Resolved,5,10,7,True
464,2025-11-04 06:17:09,2025-11-04 15:26:34,Medium,Closed,4,9,5,True
465,2026-03-16 04:55:59,2026-03-16 08:08:43,Low,Resolved,10,2,3,True
466,2025-11-26 14:36:26,2025-11-26 18:47:01,Low,Resolved,6,2,5,True
467,2026-03-07 00:52:02,2026-03-08 00:13:01,Critical,Closed,4,10,5,True
468,2025-06-03 05:22:53,2025-06-03 09:33:58,Medium,Resolved,4,5,8,True
469,2025-12-03 15:55:05,2025-12-04 10:19:47,Medium,Closed,2,5,4,True
470,2026-02-09 17:10:55,,High,In Progress,8,7,4,True
471,2025-11-24 11:30:57,2025-11-24 18:28:13,Medium,Resolved,4,1,3,True
472,2025-09-07 13:00:37,2025-09-08 09:18:32,High,Resolved,6,7,8,True
473,2025-10-05 08:16:21,,Medium,Open,3,7,5,True
474,2026-02-15 09:20:27,2026-02-15 19:50:10,High,Closed,9,4,6,True
475,2025-08-21 22:06:30,2025-08-23 02:58:28,High,Resolved,1,8,6,True
476,2026-02-04 09:57:12,,Medium,In Progress,1,2,2,True
477,2025-09-08 08:31:18,2025-09-08 13:06:42,Low,Closed,10,5,7,False
478,2025-08-21 08:58:34,2025-08-21 12:56:45,Low,Resolved,4,3,7,True
479,2026-05-26 13:17:59,2026-05-26 22:21:48,Medium,Closed,10,3,1,True
480,2026-03-29 10:00:17,2026-03-29 15:24:46,Medium,Resolved,5,8,7,True
481,2026-01-29 06:12:25,,Medium,Escalated,3,7,1,True
482,2025-12-30 13:42:09,2025-12-30 18:47:09,High,Resolved,8,4,3,True
483,2025-08-29 08:50:33,2025-08-29 23:20:05,High,Closed,4,8,4,True
484,2025-11-02 17:42:25,,Medium,Escalated,1,6,1,True
485,2026-03-10 17:01:53,2026-03-11 20:16:24,High,Resolved,7,2,1,True
486,2026-04-12 10:50:38,2026-04-12 16:07:19,Low,Closed,2,1,5,True
487,2025-11-10 18:43:43,2025-11-11 01:04:40,Low,Resolved,4,2,4,True
488,2026-01-14 08:07:18,2026-01-14 12:10:45,Low,Closed,3,4,1,True
489,2026-03-26 14:05:54,2026-03-26 16:53:11,Low,Resolved,2,2,7,True
490,2025-08-16 11:33:09,2025-08-16 15:38:09,Low,Closed,5,8,3,True
491,2025-11-07 10:12:02,2025-11-07 20:40:20,Medium,Closed,4,5,6,True
492,2025-11-24 23:48:24,2025-11-25 02:56:19,Low,Resolved,6,9,4,True
493,2025-07-29 07:03:02,2025-07-29 19:37:53,High,Closed,8,8,3,True
494,2026-03-12 15:11:08,2026-03-13 03:55:00,Medium,Resolved,5,1,2,True
495,2025-08-26 01:20:41,2025-08-26 05:46:53,Low,Resolved,10,4,6,True
496,2026-01-10 13:09:18,,Medium,In Progress,2,2,8,True
497,2025-08-15 07:44:31,2025-08-15 11:33:23,Low,Resolved,2,6,5,True
498,2026-05-15 15:54:58,2026-05-16 01:49:18,Medium,Closed,3,10,3,True
499,2025-06-03 08:11:08,,Medium,In Progress,10,8,5,True
500,2025-11-06 22:54:57,2025-11-06 23:33:07,Low,Closed,6,3,1,True
